"conversation_id_str","created_at","favorite_count","full_text","id_str","image_url","in_reply_to_screen_name","lang","location","quote_count","reply_count","retweet_count","tweet_url","user_id_str","username"
"1883417336608383352","Sun Jan 26 08:52:30 +0000 2025","0","@thequeenisddead @inirandy kamu boneka labubu naha teu milu hey","1883437849376362867","","thequeenisddead","in","Rio de Janeiro, Brazil","0","1","0","https://x.com/closesadddd/status/1883437849376362867","1681180228029235200","closesadddd"
"1883417079321358564","Sun Jan 26 07:38:16 +0000 2025","0","@yupnyamnyam Mau punya boneka labubu soalnya imut bnget","1883419169850581276","","yupnyamnyam","in","","0","0","0","https://x.com/Lia_Kim_Kyu/status/1883419169850581276","1349373083119878147","Lia_Kim_Kyu"
"1883401272566694116","Sun Jan 26 06:27:09 +0000 2025","0","(Bisa Menyala..!) BONEKA LABUBU THE MONSTER ukuran Double L 50cm dengan lampu LED Harga Produk: Rp65.000 Harga Diskon: Rp35.000 https://t.co/RhjSKuCO9B https://t.co/erUxFGbk0U","1883401272566694116","https://pbs.twimg.com/media/GiMvdJ-b0AA9qBe.jpg","","in","","0","0","0","https://x.com/resicahaya34/status/1883401272566694116","1836645760764645380","resicahaya34"
"1883393914180440241","Sun Jan 26 05:57:55 +0000 2025","0","@ indonesians kenapa u pada beli boneka labubu padahal boneka chiikawa yang kw kw pun god tier semua","1883393914180440241","","","in","","0","0","0","https://x.com/farrelmewonk/status/1883393914180440241","1686030606554042368","farrelmewonk"
"1883374557958160803","Sun Jan 26 04:41:00 +0000 2025","0","Punya tante gini amat dah. Kemarin paling kenceng ngeledekin ngapain boneka 200 ribuan cuman buat digantung doang? Ga ada gunanya blablabla - Sekarang fomo liat sodara pake masih ada labubu lebih ga? Minta dong - Minta? ","1883374557958160803","","","in","He / Him","0","2","0","https://x.com/sm_is_ki/status/1883374557958160803","1839281048796164096","sm_is_ki"
"1883152319430402165","Sat Jan 25 13:57:54 +0000 2025","0","balik ke rumah terus masuk kamar bonyok bingung liat ada boneka labubu pas gue tanya ke nyokap ini labubu siapa yg beli? nyokap gue jawab tau tu bapak mu yg beli kurang kerjaan emang buat di pajang doang kaya bocah ","1883152319430402165","","","in","","0","2","0","https://x.com/OhMyF3NRIR/status/1883152319430402165","2957460048","OhMyF3NRIR"
"1883111618344796517","Sat Jan 25 11:16:10 +0000 2025","0","Cek Tas Ransel Anak Karakter Boneka Labubu/Tas Anak Paud boneka Labubu/Tas Ransel LED/Tas Anak Perempuan Labubu dengan harga Rp21.000. Dapatkan di Shopee sekarang! https://t.co/WMYG4phpz6 https://t.co/Gpm9Hy8VTj","1883111618344796517","https://pbs.twimg.com/media/GiIoCWbbsAI08lS.jpg","","in","","0","0","0","https://x.com/chudaifah54279/status/1883111618344796517","1819175626198470661","chudaifah54279"
"1883077675063148817","Sat Jan 25 10:35:16 +0000 2025","0","@tokuzhi Kirain tadi adaa boneka labu LaBu labuBu.. lohh itu yang dipegang imudd cekayi. Aku mau 1Ô∏è‚É£Ô∏è","1883101324319076542","","tokuzhi","in","SND","0","0","0","https://x.com/yujshi/status/1883101324319076542","900343898261860352","yujshi"
"1882920477238407332","Sat Jan 25 03:12:40 +0000 2025","0","@baajiingaan gue malah jadi kepikiran makin takut sama boneka labubu. itu lebih serem bonekanya ","1882989938649792681","","baajiingaan","in","G.","0","0","0","https://x.com/thvblast/status/1882989938649792681","1339134342543511552","thvblast"
"1882944001554137466","Sat Jan 25 00:44:09 +0000 2025","0","@artistsbase wihh lucu bangettt kalau km fokus ke amigurumi gitu. bikin boneka/mainan yang lagi viral aja nder. labubu mungkin atau ghibli2 gitu. aku juga ngerajut tapi lebih ke pakaian","1882952565249511692","","artistsbase","in","","0","1","0","https://x.com/sisoo_21/status/1882952565249511692","1688251752418873344","sisoo_21"
"1882819666990768516","Fri Jan 24 16:19:19 +0000 2025","0","@Havenriot loh katanya izin mau war boneka labubu?","1882825517000511831","","Havenriot","in","Georgia L, Aubrey.","0","0","0","https://x.com/soleilscents/status/1882825517000511831","2758721668","soleilscents"
"1882431060690206888","Fri Jan 24 13:19:51 +0000 2025","0","@OposisiCerdas Boneka labubu berarti","1882780352575611310","","OposisiCerdas","in","","0","0","0","https://x.com/NurmansyahAff/status/1882780352575611310","1603578809340481537","NurmansyahAff"
"1882777417129091378","Fri Jan 24 13:08:11 +0000 2025","0","Cek CELANA JOGGER WANITA SANTAI BONEKA LABUBU TRENDING dengan harga Rp95.000. Dapatkan di Shopee sekarang! https://t.co/nmTKMJK7d0 https://t.co/xV52bPzRHg","1882777417129091378","https://pbs.twimg.com/media/GiD4FU4aIAAnRpm.jpg","","in","Jakarta Capital Region","0","0","0","https://x.com/suzanna_yasin/status/1882777417129091378","1559913497416564736","suzanna_yasin"
"1882732805198852574","Fri Jan 24 10:10:54 +0000 2025","0","Aku nemu promo menarik di Lazada Squishy Labubu LED Ada Lampu Squishy Slow Kuromi My Melody Boneka Sanrio Hello Kitty Mainan Pencet Tangan Anti Stres Soft Toys Harga Produk: Rp15.000 Harga Diskon: Rp7.550 https://t.co/EDZbdIe8zZ https://t.co/EDZbdIe8zZ https://t.co/EDZbdIe8zZ https://t.co/bDFuPjlVbG","1882732805198852574","https://pbs.twimg.com/media/GiDPfdeaAAAh9ym.jpg","","in","√úT: -6.332196,107.1135303","0","0","1","https://x.com/hikmahshizun/status/1882732805198852574","412716143","hikmahshizun"
"1882652002133680622","Fri Jan 24 05:51:33 +0000 2025","0","@lagi_mece Boneka labubu ya","1882667537156165676","","lagi_mece","in","Indonesia","0","0","0","https://x.com/fitriiyanr/status/1882667537156165676","4151263332","fitriiyanr"
"1882659371391525230","Fri Jan 24 05:19:06 +0000 2025","0","LOL itu boneka temennya LABUBU beneran ini bahas boneka ya","1882659371391525230","","","in","Jakarta Timur, DKI Jakarta","0","0","0","https://x.com/DianKhairu/status/1882659371391525230","1079173536856518656","DianKhairu"
"1882471735557243048","Thu Jan 23 16:53:31 +0000 2025","0","Pencetan we tah boneka labubu","1882471735557243048","","","in","Indonesa","0","0","0","https://x.com/darisaarr/status/1882471735557243048","1050001123","darisaarr"
"1882356885401326074","Thu Jan 23 15:04:00 +0000 2025","0","@deskypea lucu banget mirip boneka labubu","1882444175238668479","","deskypea","in","","0","0","0","https://x.com/jahra29_/status/1882444175238668479","1836427694025904134","jahra29_"
"1882315281944748068","Thu Jan 23 06:31:49 +0000 2025","0","Aku nemu promo menarik di Lazada nih. Yuk coba lihat! Nama Produk: (Bisa Menyala..!) BONEKA LABUBU THE MONSTER ukuran Double L 50cm dengan lampu LED Harga Produk: Rp65.000 Harga Diskon: Rp35.000 https://t.co/9K84f40uGr https://t.co/9K84f40uGr https://t.co/9K84f40uGr https://t.co/U0dsxL5qc7","1882315281944748068","https://pbs.twimg.com/media/Gh9Tw8NaYAARmbU.jpg","","in","√úT: -6.332196,107.1135303","0","0","1","https://x.com/hikmahshizun/status/1882315281944748068","412716143","hikmahshizun"
"1882242347460854154","Thu Jan 23 02:57:28 +0000 2025","0","@reznaoi pasti isinya boneka labubu","1882261339814646099","","reznaoi","in","","0","1","0","https://x.com/secgnhwa/status/1882261339814646099","1266226704042700800","secgnhwa"
"1881954886033760379","Wed Jan 22 06:39:44 +0000 2025","0","boneka gemoyy Ô∏èÔ∏èÔ∏è Cek [READY] Case Protector Pelindung Labubu / akrilik tebal labubu /Termurah /Semua Jenis Labubu dengan harga Rp58.000. Dapatkan di Shopee sekarang! https://t.co/UxZniJ9DOT https://t.co/Wzfiktek38","1881954886033760379","https://pbs.twimg.com/media/Gh4L_Wja4AAe7fG.jpg","","in","indonesia","0","0","0","https://x.com/haiimstella/status/1881954886033760379","1527474839673798656","haiimstella"
"1881906931637669945","Wed Jan 22 03:29:11 +0000 2025","0","Boneka Labubu V2 - Have A Seat Labubu / V2 Labubu Bisa Duduk / Blind Box Labubu Versi 2 - SC Harga Produk: Rp65.000 Harga Diskon: Rp27.000 https://t.co/nKvvq6rKav https://t.co/nKvvq6rKav https://t.co/nKvvq6rKav https://t.co/e7vDa8XZec","1881906931637669945","https://pbs.twimg.com/media/Gh3gYN9bwAAfTT3.jpg","","in","√úT: -6.332196,107.1135303","0","0","1","https://x.com/hikmahshizun/status/1881906931637669945","412716143","hikmahshizun"
"1881760288711819583","Tue Jan 21 17:46:28 +0000 2025","0","[77.0% off] Hai Bunda! Yuk lihat Tas Boneka LABUBU yang imut ini! Cocok untuk anak TK dan SD tahan debu dan terbuat dari kanvas berkualitas. https://t.co/ugjqKvU91X","1881760288711819583","","","in","Indo","0","0","0","https://x.com/Azi31154918/status/1881760288711819583","1583903254194200576","Azi31154918"
"1881232077712183779","Tue Jan 21 10:27:56 +0000 2025","0","@markl_99 Aku gatau sih labubu yg km maksud gmn tp ini kek boneka biasa sih bukan keychain atau gmn","1881649925651673110","","markl_99","in","she/her","0","1","0","https://x.com/carameliciousy/status/1881649925651673110","2597957988","carameliciousy"
"1881232077712183779","Tue Jan 21 10:24:43 +0000 2025","0","@carameliciousy Itu boneka kek labubu gitu yakk?","1881649114930360625","","carameliciousy","in","","0","1","0","https://x.com/markl_99/status/1881649114930360625","1009459187431006209","markl_99"
"1881481879339389369","Tue Jan 21 07:37:55 +0000 2025","0","@luxsuriver Aduh awas pak itu anaknya bukan boneka labubu ","1881607138709299509","","luxsuriver","in","","0","0","0","https://x.com/Silfinov/status/1881607138709299509","1784263084997316608","Silfinov"
"1881582477816545638","Tue Jan 21 05:59:55 +0000 2025","0","knp dimana mana ketemu labubu dah tas motif labubu baju labubu sandal labubu boneka labubu https://t.co/J7KiO3wQHP","1881582477816545638","https://pbs.twimg.com/media/Ghy5SPvbAAAzSPj.jpg","","in","soobin's gf","0","0","0","https://x.com/stevchoisme/status/1881582477816545638","1369185330864160769","stevchoisme"
"1881511083074359455","Tue Jan 21 04:00:53 +0000 2025","0","@prophetofzorck Adopsi Boneka labubu","1881552520402866222","","prophetofzorck","in","Mojokerto, Jawa Timur","0","0","0","https://x.com/rdmmoonlight/status/1881552520402866222","1675523320102662146","rdmmoonlight"
"1881328847834194005","Mon Jan 20 22:17:00 +0000 2025","0","@ValenteHardy IYAKANNNN lu bayangin mau narik perhatian guru aja deh paling simpelnya pake ppt labubu atau ikan atau boneka itu","1881465980754481259","","ValenteHardy","in","","0","0","0","https://x.com/econonisa/status/1881465980754481259","1791753982861553664","econonisa"
"1881421826129346940","Mon Jan 20 19:21:33 +0000 2025","0","Cek LABUBU The Monster Boneka Key Chain Exciting Macaron Face PREMIUM QUALITY dengan harga Rp53.800. Dapatkan di Shopee sekarang! https://t.co/GU7EQsw9WL https://t.co/1eaBr1MPNC","1881421826129346940","https://pbs.twimg.com/media/GhwnLhEasAAxpfw.jpg","","in","Tangerang, Banten","0","0","0","https://x.com/to_hj_pm_bj4/status/1881421826129346940","1846622878328041472","to_hj_pm_bj4"
"1881421262200922316","Mon Jan 20 19:19:18 +0000 2025","0","Cek LABUBU V2 Have A Seat Bisa Pilih DADA QUQU HEHE SISI ZIZI BABA Boneka LABUBU Bisa Duduk Versi 2 dengan harga Rp83.800. Dapatkan di Shopee sekarang! https://t.co/TX9Ueo7OqV https://t.co/vK95Nq5S9N","1881421262200922316","https://pbs.twimg.com/media/Ghwmqs5aYAAw47r.jpg","","in","Tangerang, Banten","0","0","0","https://x.com/to_hj_pm_bj4/status/1881421262200922316","1846622878328041472","to_hj_pm_bj4"
"1880259431369437586","Mon Jan 20 18:17:48 +0000 2025","0","@natyeong Aku mau pinjam boneka labubu.a","1881405783205916679","","natyeong","in","Ê∑±Áïå, ÊÅã, fourfity. ","0","1","0","https://x.com/jungwvn/status/1881405783205916679","896826811874656256","jungwvn"
"1881261590013792267","Mon Jan 20 08:44:49 +0000 2025","0","Guys ada yang mau tas pvc ini ga ya buat labubu aku salah beli hehe UKURAN SEDANG: PANJANG 12 cm x LEBAR 5 cm x TINGGI 20 cm Aku jual 30k aja incl admin (Boneka ga termasuk) Bisa req https://t.co/Go0lwL9hAs","1881261590013792267","https://pbs.twimg.com/media/GhuVcN7awAA2wv-.jpg","","in","Caratland","0","0","0","https://x.com/xoxosvtfatt/status/1881261590013792267","1290670965332951040","xoxosvtfatt"
"1881201968640881097","Mon Jan 20 06:07:37 +0000 2025","0","@hynnjinsk yakaaan pasti yg pertama ditanyain tuh ini boneka yang mahal itu gak sih? mau jawab enggak tapi kok emang iya walaupun ngga semahal labubu WKWK","1881222027526447186","","hynnjinsk","in","","0","0","0","https://x.com/ndiniret/status/1881222027526447186","945657447925944320","ndiniret"
"1881189633989730519","Mon Jan 20 03:58:54 +0000 2025","0","[Save up to 60%] Halo teman-teman! Lihat nih BONEKA LABUBU TINGGI 60CM dengan LAMPU LED NYALA yang super lucu! https://t.co/o6eDd8QuFp","1881189633989730519","","","in","","0","0","0","https://x.com/dzikratul22881/status/1881189633989730519","1881002870507819008","dzikratul22881"
"1880922603818561820","Sun Jan 19 10:17:49 +0000 2025","1","Aku nemu promo menarik di Lazada nih. Yuk coba lihat! Nama Produk: Boneka Labubu V2 - Have A Seat Labubu / V2 Labubu Bisa Duduk / Blind Box Labubu Versi 2 - SC Harga Produk: Rp200.000 Harga Diskon: Rp75.500 |https://t.co/98dlEYx6g3 https://t.co/hOWdDyseMv","1880922603818561820","","","in","","0","0","0","https://x.com/MuhammadAr79464/status/1880922603818561820","1847430984700219393","MuhammadAr79464"
"1880872394749059139","Sun Jan 19 06:58:18 +0000 2025","0","Cek READY 1000% QUALITY LABUBU ACRYLIC V1 &amp; V2 LABUBU Macaroon Have A Seat Cover Protector Casing Pelindung Boneka Acrylic dengan harga Rp109.000. Dapatkan di Shopee sekarang! https://t.co/LANcZoLDqU https://t.co/HsEi3muMf2","1880872394749059139","https://pbs.twimg.com/media/GhozecYbQAA-Zip.jpg","","in","","0","0","0","https://x.com/YogiDir27/status/1880872394749059139","1510847148878823426","YogiDir27"
"1880861732509548642","Sun Jan 19 06:15:56 +0000 2025","0","I think I do get associated with dolls di keluarga besar dari sepupu sd ngasih kado ultah boneka hamster bcs mb vivi likes it sampe tante ngasih oleh2 labubu sebaju2nya https://t.co/GWO6iZVJpZ","1880861732509548642","https://pbs.twimg.com/media/GhopxwZaMAA3Em1.jpg","","in","","0","0","0","https://x.com/sukiDAEsu/status/1880861732509548642","465102583","sukiDAEsu"
"1880510437235572765","Sun Jan 19 03:24:57 +0000 2025","0","@ARSIPAJA klo mank gak enak mendingan resign + mundur aja dahh omon¬≤ doank bisanya sekalinya pidato blunder muluk presiden boneka labubu apa gimana dah??","1880818704596000944","","ARSIPAJA","in","she/her","0","0","0","https://x.com/ling_2490/status/1880818704596000944","595163548","ling_2490"
"1880603435709632672","Sat Jan 18 13:09:33 +0000 2025","0","Boneka Labubu V2 https://t.co/YDoHZo5vPX https://t.co/IQegLE822N","1880603435709632672","https://pbs.twimg.com/media/Ghk-260akAATMun.jpg","","lv","Indonesia","0","0","0","https://x.com/helloshann_/status/1880603435709632672","3758217133","helloshann_"
"1880520387899056359","Sat Jan 18 07:43:10 +0000 2025","0","Terakhir kali dapat boneka pokemon 1 ukuran sama semua satu plastik gede bangettt (ada berapa puluh pokemon itu isi plastiknya). Dan udah gone... Dikasihin tukang yang kerja. Berikut bunga*nya. Kali ini mau jujur jangan labubu ya Wish list bisa ngga? ","1880521296947360140","","Kitty_Chi","in","","0","1","0","https://x.com/Kitty_Chi/status/1880521296947360140","149961675","Kitty_Chi"
"1880491609780801784","Sat Jan 18 06:29:10 +0000 2025","0","@kampungphilos labubu mu aja kaya boneka santet nder item semua","1880502675281965217","","kampungphilos","in","","0","0","0","https://x.com/avsgleu/status/1880502675281965217","1742582335579799552","avsgleu"
"1880474146976723027","Sat Jan 18 04:35:48 +0000 2025","0","Cek LABUBU V2 Have A Seat Bisa Pilih DADA QUQU HEHE SISI ZIZI BABA Boneka LABUBU Bisa Duduk Versi 2 dengan harga Rp64.800. Dapatkan di Shopee sekarang! https://t.co/QsNwx9OUG3 https://t.co/XXtqjVf9MF","1880474146976723027","https://pbs.twimg.com/media/GhjJRWuacAQeC3X.jpg","","in","","0","0","0","https://x.com/mochimykitty/status/1880474146976723027","1547920110907576320","mochimykitty"
"1880427748080161144","Sat Jan 18 01:31:26 +0000 2025","0","Ada yg req boneka labubu akhirnya beress byebye bocil https://t.co/uSt9cgT5Q6","1880427748080161144","https://pbs.twimg.com/media/GhifD_kbgAAXz_n.jpg","","in","","0","1","0","https://x.com/AkuMrnds/status/1880427748080161144","1238325206424276992","AkuMrnds"
"1880420746599772462","Sat Jan 18 01:03:37 +0000 2025","0","Aku nemu promo menarik di Lazada nih. Yuk coba lihat! Nama Produk: Boneka Labubu V2 - Have A Seat Labubu / V2 Labubu Bisa Duduk / Blind Box Labubu Versi 2 - SC Harga Produk: Rp200.000 Harga Diskon: Rp75.500 | https://t.co/2lIQAzXbvq","1880420746599772462","","","in","","0","0","0","https://x.com/muhamad77181004/status/1880420746599772462","1625022982203793409","muhamad77181004"
"1880272247132418368","Fri Jan 17 15:13:32 +0000 2025","0","Tadi pas vaksin aku bedebar dah gara2 dokternya suruh sky peluk boneka labubu pas mau d suntik ","1880272247132418368","","","in","West Borneo, Indonesia","0","0","0","https://x.com/onefteight/status/1880272247132418368","1257032443636281344","onefteight"
"1880184486991917472","Fri Jan 17 13:04:14 +0000 2025","0","@anoonamu ikut beli boneka labubu hehe","1880239707138978142","","anoonamu","in","Irvington, NY","0","0","0","https://x.com/Skyr2023/status/1880239707138978142","1546761619102789632","Skyr2023"
"1880119980123136258","Fri Jan 17 05:08:28 +0000 2025","0","yuhu.. hasil ganti mata boneka bb3 https://t.co/PyFWjNocSm","1880119980123136258","https://pbs.twimg.com/media/GheHKA9acAAvhcc.jpg","","in","","0","0","0","https://x.com/via_raisha22/status/1880119980123136258","313706322","via_raisha22"
"1880108591568547977","Fri Jan 17 04:23:13 +0000 2025","1","Aku nemu promo menarik di Lazada nih. Yuk coba lihat! Nama Produk: Boneka Labubu V2 - Have A Seat Labubu / V2 Labubu Bisa Duduk / Blind Box Labubu Versi 2 - SC Harga Produk: Rp200.000 Harga Diskon: Rp75.500 | https://t.co/ydrrce4lBr","1880108591568547977","","","in","","0","0","0","https://x.com/muhamad77181004/status/1880108591568547977","1625022982203793409","muhamad77181004"
"1880108496626286714","Fri Jan 17 04:22:50 +0000 2025","0","Aku nemu promo menarik di Lazada nih. Yuk coba lihat! Nama Produk: (Bisa Menyala..!) BONEKA LABUBU THE MONSTER ukuran Double L 50cm dengan lampu LED Harga Produk: Rp65.000 Harga Diskon: Rp39.000 | https://t.co/8mmfmH3mx8","1880108496626286714","","","in","","0","0","0","https://x.com/muhamad77181004/status/1880108496626286714","1625022982203793409","muhamad77181004"
"1880094306532487600","Fri Jan 17 03:26:27 +0000 2025","0"," READY STOCK &lt;INA GO üá≤üá®&gt; Baju boneka khusus labubu chinese new year 68.900/pcs 17cm Pelunasan E-commerce DP | GO INFO Bersih üá≤üá® Ongkir customer #bajudoll https://t.co/I22gG9bhAQ","1880094306532487600","https://pbs.twimg.com/media/Ghdvzd5acAMElzo.jpg","","in","","0","0","1","https://x.com/ByOsayo/status/1880094306532487600","1649726066683158528","ByOsayo"
"1879895874089992619","Thu Jan 16 14:17:57 +0000 2025","0","akhirnya boneka labubu ku yg sekian lama nangkring di lemari sekarang bisa di gantung di tas setelah drama po +- 3 bulan","1879895874089992619","","","in","","0","0","0","https://x.com/ccepani/status/1879895874089992619","1256201176426532864","ccepani"
"1879878840966680841","Thu Jan 16 13:17:22 +0000 2025","0","@munvess mau boneka labubu boleh?","1879880624556892258","","munvess","in","ÍØ±.  ÍØ±amira. ","0","0","0","https://x.com/seaaphic/status/1879880624556892258","821659284","seaaphic"
"1879858542838161867","Thu Jan 16 11:49:37 +0000 2025","0","Cek Labubu Baby Mini 10cm Have a Seat Blindbox Boneka The Monster Labubu Gantungan Kunci - SC dengan harga Rp27.000. Dapatkan di Shopee sekarang! https://t.co/0U2wax2lbL https://t.co/4uIzc9jDuQ","1879858542838161867","https://pbs.twimg.com/media/GhaZYOLagAAjShN.jpg","","in","Central Java, Indonesia","0","0","0","https://x.com/alfiah_12/status/1879858542838161867","188193586","alfiah_12"
"1879830113157849148","Thu Jan 16 09:56:39 +0000 2025","0","Aku mengeluarkan ucil. Terus ibu ngambil ini lucu teh apaan sih ini labubu tah? Akhdbzhsjak semua aja boneka kecil dikatain labubu Terus di fotoin sama ibu jadi foto modelnya ibu wkwk https://t.co/kpzXoGQF52","1879830113157849148","https://pbs.twimg.com/media/GhZ_hdNacAAPr_h.jpg","","in","Stayville","0","0","0","https://x.com/leebitez/status/1879830113157849148","574574203","leebitez"
"1879786349462704161","Thu Jan 16 07:02:45 +0000 2025","0"," kl sampe km beli boneka labubu aku gamau chat kamu ya. kamu chat an aja sana sama boneka gjls woe pdhl labubu lucu bgt dibilang gjls(??) ","1879786349462704161","","","in","","0","0","0","https://x.com/Sellenaryy/status/1879786349462704161","1617441917683499008","Sellenaryy"
"1879483005888328090","Thu Jan 16 05:29:52 +0000 2025","0","@IndoPopBase Mau gmn lg? Disuruh beli ini beli itu biar seolah2 gak krisis... #hahaha... Boneka Labubu aja nyicil setahun...","1879762976472969510","","IndoPopBase","in","","0","0","0","https://x.com/TriadeAmarullo2/status/1879762976472969510","1603794271559376897","TriadeAmarullo2"
"1879762441112060255","Thu Jan 16 05:27:44 +0000 2025","8","Pengen boneka labubu tapi lebih pengen nong juju #‡∏†‡∏û‡πÄ‡∏ò‡∏≠TheSeries #LoveUponATimeSeries #NETJJ #‡πÄ‡∏ô‡πá‡∏ï‡πÄ‡∏à‡πÄ‡∏à #netsiraphop #jj_rcp","1879762441112060255","","","in","Luar angkasa","0","0","3","https://x.com/Iam1995n/status/1879762441112060255","934489940880015360","Iam1995n"
"1879739181754355848","Thu Jan 16 03:55:19 +0000 2025","0","Cek baju kaos anak unisex perempuan/laki laki gambar boneka labubu love lengan pendek 1-12tahun k.190 dengan harga Rp16.149. Dapatkan di Shopee sekarang! https://t.co/44pZP3GQKq https://t.co/XGMhDT66jg","1879739181754355848","https://pbs.twimg.com/media/GhYs0OBbcAA91P6.jpg","","in","","0","0","0","https://x.com/Hayati929759776/status/1879739181754355848","1816024884981686275","Hayati929759776"
"1879734210015182880","Thu Jan 16 03:35:34 +0000 2025","2","When ponakan mu ngechat minta beliin boneka labubu Seketika aku jawab yaudah kamu CO aja nanti VA nya kasihkan om biar nanti om bayar Pas aku bayar VA nya. Duarrr kaget dong hampir 3juta cuman buat boneka ","1879734210015182880","","","in","Kota Surabaya, Jawa Timur","0","4","0","https://x.com/brody83977623/status/1879734210015182880","1206761954791936001","brody83977623"
"1879647704881758257","Wed Jan 15 21:51:49 +0000 2025","0","Temukan VIRAL LABUBU FAYUS Tas Sekolah Anak Ransel karakter Boneka Kartun TK SD Bisa Bayar COD seharga Rp37.400. Dapatkan sekarang juga di Shopee! https://t.co/uMcRB7ZEH4","1879647704881758257","","","in","","0","0","0","https://x.com/karimandriy/status/1879647704881758257","346320453","karimandriy"
"1879573140759863674","Wed Jan 15 16:55:32 +0000 2025","0","guyss bantu ramein tiktok adek aku dong https://t.co/hnodgyfzHz kelas 3 sd katanya mau jd content creator hahah trs dia anaknya kreatif bgt pernah buat etalase jualan sushi pake kertas dan bisa boneka labubu dr kertas sm bisa trs skrg kontennya buat sesuatu gitu nnti -","1879573140759863674","","","in","","0","1","0","https://x.com/hyunsukiee08/status/1879573140759863674","1435497496424304642","hyunsukiee08"
"1879252848355238150","Wed Jan 15 14:09:48 +0000 2025","0","@achaesthetic Lucuan ini kalo jd boneka drpd labubu","1879531432089194499","","achaesthetic","in","INDONESIA","0","0","0","https://x.com/syaranza_/status/1879531432089194499","213159745","syaranza_"
"1857016110467395884","Wed Jan 15 13:49:01 +0000 2025","0","@Lily_JKT48 Wow sunset di tmpt Lily wuih bagus banget euy Btw iya boneka pke body mist aja suda cukup sih labubu ku juga kasih itu aja soalnya Wuih funfact kamu sama kayak aku lho cuma aku gak harus parfum sih bisa juga pake minyak kayu putih atau freshcare yg pntg harum2! #DiaLy","1879526202563830044","","W_Jefri23","in","","0","0","0","https://x.com/W_Jefri23/status/1879526202563830044","1704068940341927936","W_Jefri23"
"1879182376598954386","Wed Jan 15 08:16:28 +0000 2025","1","@kegblgnunfaedh beli boneka labubu","1879442515008639051","","kegblgnunfaedh","in","","0","0","0","https://x.com/AjjaArmen/status/1879442515008639051","1519900913237782528","AjjaArmen"
"1879313498775437531","Tue Jan 14 23:43:48 +0000 2025","0","Boneka labubu ..pengiriman dari bogor harga 50k .. https://t.co/ia2qnef3DI","1879313498775437531","https://pbs.twimg.com/media/GhSpqn-aYAEUsjZ.jpg","","in","","0","0","0","https://x.com/NapaorC33191/status/1879313498775437531","1834955254364028928","NapaorC33191"
"1879178485463474655","Tue Jan 14 14:47:19 +0000 2025","0","Ô∏è wts labubu have a seat v2 - ququÔ∏è 350k masih sealed foil dom jakbar bisa co via oren dm if you're interested! jual boneka popmart https://t.co/8sw3nViwFz","1879178485463474655","https://pbs.twimg.com/media/GhQu36ObgAAJ6NU.jpg","","in","she/her","0","0","0","https://x.com/hoonslights/status/1879178485463474655","1289417579102998528","hoonslights"
"1879145697892843708","Tue Jan 14 14:03:05 +0000 2025","0","@TNama49679 @mickeydict Bawain sushi sama boneka labubu aja kk ups","1879167357454889373","","TNama49679","in","","0","0","0","https://x.com/ansmnd187507/status/1879167357454889373","1794634787065597952","ansmnd187507"
"1879154550638358752","Tue Jan 14 13:12:12 +0000 2025","0","(mun) kalo boneka namanya Labubu ya kalo kejebak ujan LAH BABI BANGET! ","1879154550638358752","","","in","","0","0","0","https://x.com/myriadoflight/status/1879154550638358752","2913729528","myriadoflight"
"1879129005158486506","Tue Jan 14 11:30:42 +0000 2025","0","Aku pilih foto kedua uwuwuwu hidung kesukaanku‚ÄçÔ∏è‚ÄçÔ∏è‚ÄçÔ∏è Foto kesatu anggun‚Äç‚ÜïÔ∏è Jd labubu dan boneka gantungan lainnya hal yg dirimu suka","1879129005158486506","","","in","Who? Hanyaü¶ñBukanüêä humorisüê∞","0","0","0","https://x.com/teraskumiko/status/1879129005158486506","797214246203314176","teraskumiko"
"1879111566089687130","Tue Jan 14 10:21:24 +0000 2025","2","aku sukanya boneka labubu klo kmu? #Makassar https://t.co/XclBBGssbm","1879111566089687130","https://pbs.twimg.com/media/GhPyARYbsAAjvA_.jpg","","in","Kota Makassar","0","2","0","https://x.com/callmexavier23/status/1879111566089687130","1305466510056456193","callmexavier23"
"1878998131628724482","Tue Jan 14 02:50:39 +0000 2025","0","temen kantor kecanduan gacha boneka macem labubu gue cuman bisa ketawa karna gue gacha cowo gepeng 3D deng haha ","1878998131628724482","","","in","21+","0","1","0","https://x.com/arairin__/status/1878998131628724482","1293150621927841793","arairin__"
"1878988716754227662","Tue Jan 14 02:27:46 +0000 2025","0","@drugsaddjct Kak tyann akuh mau boneka labubu yang gede yahh","1878992374892024120","","korporad","in"," „Ö§„Ö§„Ö§„Ö§„Ö§„Ö§ „Ö§„Ö§„Ö§ñπ≠.·êü","0","1","0","https://x.com/jenneiu/status/1878992374892024120","1233720868137656325","jenneiu"
"1878852659500982739","Mon Jan 13 17:12:36 +0000 2025","0","Boneka Labubu! https://t.co/7QEhluFTWv","1878852659500982739","https://pbs.twimg.com/media/GhMGhYNbAAABbr3.jpg","","in","Pekan Baru, Riau","0","0","0","https://x.com/AgusArdiSaputr1/status/1878852659500982739","1474700372409085954","AgusArdiSaputr1"
"1878823160537391571","Mon Jan 13 15:15:22 +0000 2025","0","gw selalu ngakak sama plesetan labubu alias boneka ambalabu klo di sebut ama bang windah makin ngakak anjir","1878823160537391571","","","in","21 she/her","0","0","0","https://x.com/intancrispy/status/1878823160537391571","1149576730618712065","intancrispy"
"1878715489989562651","Mon Jan 13 14:26:03 +0000 2025","0","@MARQUEZ__93 Tugas desainer boneka untuk jualan LABUBU sdh mulai redup omon2 perlu di genjot","1878810745808502910","","MARQUEZ__93","in","Denpasar, Bali","0","0","0","https://x.com/NyomanWeda18910/status/1878810745808502910","1834311562846502913","NyomanWeda18910"
"1878773936563093567","Mon Jan 13 11:59:47 +0000 2025","1","Aku Nemu boneka labubu harganya 60rb guys belinya disini https://t.co/4f1tvMFuJd https://t.co/OXG6QwOc8p","1878773936563093567","https://pbs.twimg.com/media/GhK-7-hacAE8Uwb.jpg","","in","","0","0","0","https://x.com/Isn4_23/status/1878773936563093567","1811261889512652800","Isn4_23"
"1878342806110138396","Mon Jan 13 04:04:20 +0000 2025","0","@Ndrewstjan Ipong 16 ngantri beli boneka labubu laku keras bla bla elungatain negara ini susah??","1878654286164553818","","Ndrewstjan","in","","0","0","0","https://x.com/sangkali88/status/1878654286164553818","1604130057248653312","sangkali88"
"1878652619968983199","Mon Jan 13 04:00:42 +0000 2025","0","@lilaclovery Betul. Macam gue jg kaga ngejudge org abisin berapa buat beli2 labubu/ boneka popmart lain. Ya gue ngabisin buat kpop jg sih ","1878653373278507105","","lilaclovery","in","Ïù∏ÎèÑÎÑ§ÏãúÏïÑ","0","1","0","https://x.com/bongeumsa/status/1878653373278507105","915486685315477504","bongeumsa"
"1878450983363362944","Sun Jan 12 14:36:29 +0000 2025","0","mama: labubu boneka bubu ","1878450983363362944","","","in","","0","0","0","https://x.com/sonnyanqelz/status/1878450983363362944","1752961993429098496","sonnyanqelz"
"1878424564272603485","Sun Jan 12 12:51:30 +0000 2025","0","Cek BONEKA LABUBU / BONEKA VIRAL LABUBU MURAH / LABUBU BULU 45CM / GANTUNGAN KUNCI LABUBU dengan harga Rp38.400. Dapatkan di Shopee sekarang! https://t.co/veIYM2RoMj https://t.co/H06rlUVXHe","1878424564272603485","https://pbs.twimg.com/media/GhGBL69bIAALD_l.jpg","","in","","0","0","0","https://x.com/elvina1902/status/1878424564272603485","251598820","elvina1902"
"1878110881785016798","Sun Jan 12 08:05:08 +0000 2025","0","@Warticfox kalo dulu Kon itu bersemayam di boneka santet 2025 Kon bersemayam di Boneka Labubu","1878352499213816108","","Warticfox","in","","0","0","0","https://x.com/koganenohikari/status/1878352499213816108","1278269892882337792","koganenohikari"
"1878295369261383708","Sun Jan 12 04:18:07 +0000 2025","1","Gantungan boneka LABUBU premium ori imut lucu ngegemesin kyk bayi buaya https://t.co/bXUCNTK6xo https://t.co/QrQIQ9cUN5","1878295369261383708","https://pbs.twimg.com/media/GhELrzJbkAAPJUa.jpg","","in","solo Indonesia","0","0","0","https://x.com/1983Riswan35363/status/1878295369261383708","1640468031850840064","1983Riswan35363"
"1878138728767746187","Sat Jan 11 17:55:41 +0000 2025","2","Dr wktu kapan bertekad tidak akan membeli boneka semacam labubu dkk. Hr ni goyah jg disetanin tmn2 . Tp lucu kann si bebek dungu nan polos nii. Kyk aku kan innocent selalu hummm... https://t.co/vknr91fkXe","1878138728767746187","https://pbs.twimg.com/media/GhB9OElaoAA4Beu.jpg","","in","üáÆüá©","0","0","0","https://x.com/CainedV/status/1878138728767746187","1686468691473596417","CainedV"
"1877910860993032273","Sat Jan 11 12:36:20 +0000 2025","0","@tanyakanrl Boneka labubu aja nder","1878058361863975102","","tanyakanrl","in","","0","0","0","https://x.com/NHDJ_03/status/1878058361863975102","1652237991954518017","NHDJ_03"
"1878041510777672013","Sat Jan 11 11:29:23 +0000 2025","0","Mba mba pemborong tuyul Ô∏è yang kepikiran kakak Abby nih kayak mba mba pake tas gen alpha rame bat kek lagi jualan boneka labubu Kawe ","1878041510777672013","","","in","","0","0","0","https://x.com/hyn_hwng/status/1878041510777672013","1480790411580882945","hyn_hwng"
"1878041032040026314","Sat Jan 11 11:27:29 +0000 2025","0","boneka merah maroon yg beruang itu apa namanya? labubu? eh bukann","1878041032040026314","","","in","HRH Crown Prince of Caspian.","0","6","0","https://x.com/kencilii/status/1878041032040026314","1209331278463373313","kencilii"
"1877691487712153676","Sat Jan 11 05:15:54 +0000 2025","1","@S4N_W1B1 2024 boneka Labubu paling top. 2024 boneka Labowo paling hits","1877947521190056160","","S4N_W1B1","in","Jakarta Capital Region","0","0","0","https://x.com/Jediimar/status/1877947521190056160","1825333193568129024","Jediimar"
"1877931651063267792","Sat Jan 11 04:12:50 +0000 2025","1","Boneka labubu seat labubu popmart boneka monster boneka viral macaron gantungan kunci ori labubu v2 dengan harga Rp185.000. Dapatkan di Shopee sekarang! https://t.co/OfHIvpOban https://t.co/G5FBgS4bnI","1877931651063267792","https://pbs.twimg.com/media/Gg_A4n8bMAA54mc.jpg","","in","Tangerang, Banten","0","0","0","https://x.com/firensrit/status/1877931651063267792","1246463465872445440","firensrit"
"1877929962860368350","Sat Jan 11 04:06:08 +0000 2025","0","BONEKA LABUBU V2 GANTUNGAN KUNCI VIRAL dengan harga Rp33.000. Dapatkan di Shopee sekarang! https://t.co/pUrrZBcSVT https://t.co/p48M9K4BP3","1877929962860368350","https://pbs.twimg.com/media/Gg-_WKCasAE-Rjw.jpg","","in","Tangerang, Banten","0","0","0","https://x.com/firensrit/status/1877929962860368350","1246463465872445440","firensrit"
"1877896162646409455","Sat Jan 11 01:51:49 +0000 2025","1","wtb any labubu dolls / any popmart dolls prefer dom pulau jawa drop wangdompic t. boneka labubu pop mart ina","1877896162646409455","","","in","yoshi‚Äôs","0","12","0","https://x.com/brachiasauruss/status/1877896162646409455","1401751341819568131","brachiasauruss"
"1877173531726819493","Thu Jan 09 02:00:20 +0000 2025","0","EH ADA SKULLPANDA VERSI BONEKA YG KAYAK LABUBU YA ADUH","1877173531726819493","","","in","ENG/INA","0","0","0","https://x.com/syupeohat/status/1877173531726819493","93289858","syupeohat"
"1876971203732128045","Thu Jan 09 01:07:43 +0000 2025","1","@Ngadinopanser @fariedza @Dennysiregar7 Betul sekali mendingan buat beli hp sama boneka labubu https://t.co/mQKIO1AeCy","1877160288140533997","https://pbs.twimg.com/media/Gg0DVV6bEAA--PI.jpg","Ngadinopanser","in","","0","0","1","https://x.com/BapakFadilLagi/status/1877160288140533997","1537958330861121536","BapakFadilLagi"
"1876991432830898657","Wed Jan 08 15:01:15 +0000 2025","1","@RAILEYSS Dan boneka labubu","1877007667949969570","","RAILEYSS","in","ga di rumah","0","0","0","https://x.com/aydpras/status/1877007667949969570","1814558263033405442","aydpras"
"1876993582730559583","Wed Jan 08 14:05:17 +0000 2025","0","pamer boneka labubu kw https://t.co/uox6RQI7QD","1876993582730559583","https://pbs.twimg.com/media/Ggxrte3bUAAXoJa.jpg","","in","‚†Ä Àπ  ÌöåÏõê  :‚†ÄNo.  +444‚†ÄSweetloved‚†ÄLady!
‚†Ä Aespa  Àº  ·üö she,  talented  makane  ‚ù§Ô∏é Íí±
‚†Ä ìâ≥  an  enchant√©‚†ÄÏö∞Îäî ÏÉà‚†Ä‚îà‚îÄ‚îÄ‚îÄ‚îÄ‚†Äìã≤","0","0","0","https://x.com/viviaq/status/1876993582730559583","1734778506","viviaq"
"1876977957190705368","Wed Jan 08 13:03:12 +0000 2025","0","Ngidam boneka ini dari lama tapi mau beli sayang duit Papah: Ini dikasih junior papah boneka apaan sih ini serem amat Me: YA AMPUN LABUBU MAU! rebutan ama adek tapi ternyata adek gw lebih dewasa dari abangnya . Jadi doi ngalah https://t.co/kjzzjz7RsL","1876977957190705368","https://pbs.twimg.com/media/GgxdgFGaQAAYL72.jpg","","in","Jakarta Selatan, DKI Jakarta","0","0","0","https://x.com/mansearhmeaning/status/1876977957190705368","1565690056861372417","mansearhmeaning"
"1876972993106051310","Wed Jan 08 12:43:28 +0000 2025","1","teetee paham betul cara membangunkan boneka labubu MENYALA KAPAL PREDIKSI AWAL https://t.co/kSKBAgBeFP","1876972993106051310","https://pbs.twimg.com/media/GgxY-3ia0AAgqOU.jpg","","in","","0","0","1","https://x.com/rynssu/status/1876972993106051310","2318391265","rynssu"
"1876967021029527716","Wed Jan 08 12:32:29 +0000 2025","0","@_mouchannnn Aku gak suka labubu juga karena seram Boneka Ambalabu tuh dari jokes tiktok ","1876970230255087799","","_mouchannnn","in","","0","1","0","https://x.com/jianwwbn/status/1876970230255087799","1857944021643177990","jianwwbn"
"1876869098790945139","Wed Jan 08 05:50:38 +0000 2025","0","Cek Tas Ransel Anak Perempuan LABUBU Bags Tas Sekolah Anak SD Free Botol Minum Kipas Angin Gantungan Boneka Jam dengan harga Rp58.500. Dapatkan di Shopee sekarang! https://t.co/zmxDOh8w4N https://t.co/C3K5CWviSF","1876869098790945139","https://pbs.twimg.com/media/Ggv6ft9awAATfc6.jpg","","in","","0","0","0","https://x.com/krisna_jua20721/status/1876869098790945139","1819989808447737856","krisna_jua20721"
"1876677303792779527","Tue Jan 07 21:45:02 +0000 2025","14","@superthsanta Menurut w pribadi Labubu: unboxing di loksyut Santa sangat excited karena suka sama hal2 yang menyerupai boneka. Kalau Hello Kitty: di fansign Oktober Santa dikasih bando telinga Hello Kitty sama salah satu fans","1876746892572324137","","superthsanta","in","","0","1","0","https://x.com/bread_clover/status/1876746892572324137","1487902993","bread_clover"
"1876715296381145183","Tue Jan 07 19:43:51 +0000 2025","0","Lu tanya dah sama Allah kenapa ya boneka labubu itu mahal? Oh mungkin karena boneka labubu kena ppn 12%. Engak bre. tapi Kenapa ya Allah bikin boneka labubu mahal karena PPN 12%? Kenapa Allah bikin boneka labubu ini mahal sampe gak kebeli. Paham gak lu?","1876716398870692145","","Lendypan","in","","0","0","0","https://x.com/Lendypan/status/1876716398870692145","1318529625824186368","Lendypan"
"1876715296381145183","Tue Jan 07 19:39:28 +0000 2025","0","Misal nih ya lu pengen boneka labubu dan Allah itu pengen yang terbaik buat lu tapi yang terbaik buat lu itu kata allah bukan boneka labubu. Nah kenapa tuh? Nah itu elu sama Allah aja yang tau yak. Gw gamungkin bisa lebih tau dr lu dan lu tanya deh sama Allah kenapa?","1876715296381145183","","","in","","0","1","0","https://x.com/Lendypan/status/1876715296381145183","1318529625824186368","Lendypan"
"1876637066882343213","Tue Jan 07 14:58:53 +0000 2025","0","@windrugs Lucu bgt itu boneka labubu nya ","1876644681985171781","","windrugs","in","","0","0","0","https://x.com/The_Myth17/status/1876644681985171781","766862101054758913","The_Myth17"
"1876601402920944013","Tue Jan 07 12:36:28 +0000 2025","0","@bharagala salah. gue setinggi boneka labubu yang di tas tas bocil","1876608842496422259","","bharagala","in","SN(S)D.","0","0","0","https://x.com/mahardikarzeta/status/1876608842496422259","1083364276306231297","mahardikarzeta"
"1876597115289505955","Tue Jan 07 12:28:06 +0000 2025","0","@vue_de_moi kak kamu bukan abah anies presiden di hatique! jangan terlalu kusnujon... !suujon gpp kak!!! mrk aja diingetin isinya suujon mulu. emang ga boleh kita suujon balik? aneh bgt mosok ngaku fans rela beli boneka mahal yang ga lebih terkenal drpd labubu itu tapi blm nonton?","1876606736519581876","","vue_de_moi","in","Special Region","0","0","0","https://x.com/twentyfirstof3/status/1876606736519581876","958944903538462720","twentyfirstof3"
"1876601309530603909","Tue Jan 07 12:06:32 +0000 2025","0","Cek BONEKA LABUBU V1 Sealed Exciting Macaron Pop Mart Vinyl Face Keychain Blind Box Labubu Macaron dengan harga Rp79.000. Dapatkan di Shopee sekarang! https://t.co/1RZN1MxjFh https://t.co/Dsquv7RgRO","1876601309530603909","https://pbs.twimg.com/media/GgsG8eUakAEK9a-.jpg","","in","","0","0","0","https://x.com/kuproypongski/status/1876601309530603909","1567863903102828545","kuproypongski"
"1876587254166196621","Tue Jan 07 11:35:20 +0000 2025","0","@bineulst kak labubu mah boneka santet","1876593456849813822","","bineulst","in","read carrd byf","0","0","0","https://x.com/6_9_012/status/1876593456849813822","1241590322229989377","6_9_012"
"1876582427260580148","Tue Jan 07 10:51:30 +0000 2025","0","Kejadian tadi pagi pas my mom liat anak SD pake tas ungu Mom : kak iihh tasnya lucu warna kesukaan kamu eh ada gambarnya labubu ya itu Gw : ihhh apaan labubu orang itu IMINA SKYNANI EHHH Mom : haaa boneka apa itu kak baru lagi???? Gw : astaga maksud aku KUROMI ma ","1876582427260580148","","","in","ùï±ùñÜùñì ùñÜùñàùñàùñîùñöùñìùñô","1","0","0","https://x.com/rukkmybabycaa/status/1876582427260580148","302957547","rukkmybabycaa"
"1876543551695458351","Tue Jan 07 08:17:01 +0000 2025","0","Cek Ready Dress Boneka Labubu Pop Mart Baju Boneka Labubu 17cm Dress Baju Boneka Labubu Macaron The Monsters Import dengan harga Rp154.900. Dapatkan di Shopee sekarang! https://t.co/1NSv0jcJhy https://t.co/G08MCs7zUe","1876543551695458351","https://pbs.twimg.com/media/GgrSaXzb0AAP2th.jpg","","in","Jakarta, Indonesia","0","0","0","https://x.com/novi_liu/status/1876543551695458351","58149069","novi_liu"
"1876543336867397882","Tue Jan 07 08:16:10 +0000 2025","0","aku pengen beli boneka bogel sylus tp maunya yg bisa jd gantungan kyk labubu","1876543336867397882","","","in","¬±20 rcbyf","0","0","0","https://x.com/sythlus/status/1876543336867397882","1451236426771693569","sythlus"
"1876236681906655731","Mon Jan 06 18:21:57 +0000 2025","0","@maharatri_eki @hannnyeong_ Bikin dari boneka aja mba yang seukuran labubu tapi bukan labubu terus dijait","1876333398417162736","","maharatri_eki","in","","0","0","0","https://x.com/SufiRizkyanti/status/1876333398417162736","1483744606420635648","SufiRizkyanti"
"1876309496852881469","Mon Jan 06 16:46:58 +0000 2025","0","Labubu Ganci: https://t.co/il3NZSB17s Boneka: https://t.co/d28vSY8m2Z #zonauang #zonajajan #zonaba https://t.co/Jb7JlwBFZd","1876309496852881469","https://pbs.twimg.com/media/Ggn9iz0awAAQaqn.jpg","","in","","0","0","1","https://x.com/Richic16/status/1876309496852881469","1347490394066468865","Richic16"
"1876281800999514358","Mon Jan 06 14:56:55 +0000 2025","1","[50.0% off] Halo teman-teman! Lihat nih BONEKA LABUBU BERANAK dengan lampu LED yang super lucu! https://t.co/1ZPbYYuXf1","1876281800999514358","","","in","","0","0","0","https://x.com/atikanq27/status/1876281800999514358","1759827619070255104","atikanq27"
"1876112091368829098","Mon Jan 06 12:12:19 +0000 2025","0","@jejeayy1 jadi boneka labubu aja","1876240377897992367","","jejeayy1","in","Cimahi, Jawa Barat","0","0","0","https://x.com/rynzifary/status/1876240377897992367","1323854772374392832","rynzifary"
"1876234928251339062","Mon Jan 06 12:06:31 +0000 2025","0","@jensyulichaeng @mametchxi Kyknya dia kehabisan boneka labubu mulu saat beli makanya jadi entitas jahat ambalabu","1876238915960783210","","jensyulichaeng","in","","0","0","0","https://x.com/CastleVens0410_/status/1876238915960783210","1292138802358579200","CastleVens0410_"
"1876155277072093314","Mon Jan 06 06:34:09 +0000 2025","0","Cek Kaos Anak Monster Boneka LABUBU Baju Atasan Anak Setelan Perempuan Unisex Ukuran 1-14 Tahun dengan harga Rp34.510. Dapatkan di Shopee sekarang! https://t.co/AAaRLvpVjX https://t.co/79Z2jpM1O3","1876155277072093314","https://pbs.twimg.com/media/GglxSCgbIAADIDL.jpg","","in","Majalengka, Jawa Barat","0","0","0","https://x.com/prasetyolanda/status/1876155277072093314","973077666","prasetyolanda"
"1876155249142235501","Mon Jan 06 06:34:03 +0000 2025","0","Cek Kaos Anak Monster Boneka LABUBU Baju Atasan Anak Setelan Perempuan Unisex Ukuran 1-14 Tahun dengan harga Rp27.370. Dapatkan di Shopee sekarang! https://t.co/K2PVMwAJRb https://t.co/ghmAww8GpG","1876155249142235501","https://pbs.twimg.com/media/GglxQb3a0AALz2P.jpg","","in","Majalengka, Jawa Barat","0","0","0","https://x.com/prasetyolanda/status/1876155249142235501","973077666","prasetyolanda"
"1876148680006504600","Mon Jan 06 06:07:57 +0000 2025","1","anakku dgn outfit gonjrengnyaa lopp bgttt. untuk baju gmbar kartun aku ttp bakal pilih2 sih nurutinnya. dan untungnya dia cm suka Princess kaos gmbr princess msh okelah tp klo smp minta gmbr labubu keknya mding beli boneka aja https://t.co/cCzhraY90O","1876148680006504600","https://pbs.twimg.com/media/GglrQynakAAYLxV.jpg","","in","Jogjakarta","0","0","0","https://x.com/dindaskrpth/status/1876148680006504600","393732725","dindaskrpth"
"1876121918597988739","Mon Jan 06 05:32:33 +0000 2025","0","@azazeraarr Ada boneka labubu atau nailong gak?","1876139774580531305","","azazeraarr","in","Jawa Timur, Indonesia","0","1","0","https://x.com/sonyamadaa/status/1876139774580531305","1869669460958924801","sonyamadaa"
"1870408300636057719","Mon Jan 06 05:12:54 +0000 2025","0","@Japesim hmm baru denger boneka jepang kah? tapi untung ga kayak labubu :3 hmm aku blm nonton film itu tapi sekedar tau aja ada filmnya. otw nonton dulu deh buat mencari kingkong ‚ÄçÔ∏è","1876134827600281887","","Japesim","in","xiv, jongseong  ‚ô° ◊Ñ‚Çä ","0","0","0","https://x.com/njzdanii/status/1876134827600281887","1619752770059526145","njzdanii"
"1875942115680948276","Sun Jan 05 16:27:08 +0000 2025","0","Main capit capit boneka abis 200k gak dpt apa apa abang abang sebelah gw baru dua koin udh dapet labubu 2 koin sepuluh rebuuuuuuu anjayyy. Emg harusnya punya keberuntungan segudang","1875942115680948276","","","in","","0","1","0","https://x.com/2409jpg/status/1875942115680948276","1229758986573860867","2409jpg"
"1875938722816106585","Sun Jan 05 16:17:03 +0000 2025","0","@pervicacioup Eh konyol tau gak sih gw kira skynani tuh boneka kek labubu","1875939579674665168","","pervicacioup","in","any pronouns (homophobic dnf)","0","2","0","https://x.com/luxzerin/status/1875939579674665168","1774782617579335680","luxzerin"
"1875930128146182553","Sun Jan 05 15:55:44 +0000 2025","1","@daengskiz ntar bentuknya bisa kek yg kecil itu kalo ngga kek boneka labubu LUCUU PWOL KALO IYA","1875934212794237050","","daengskiz","in","03ü§ç","0","1","0","https://x.com/zyinoyy_/status/1875934212794237050","1464902030812532736","zyinoyy_"
"1875898826973966718","Sun Jan 05 13:35:07 +0000 2025","0","yakinkan aku kl labubu itu boneka aneh ak fomo bgt pls","1875898826973966718","","","in","","0","2","0","https://x.com/itzmecaaa/status/1875898826973966718","1121784463841566722","itzmecaaa"
"1875808309854494779","Sun Jan 05 07:35:26 +0000 2025","0","Cek LABUBU V2 Have A Seat Bisa Pilih DADA QUQU HEHE SISI ZIZI BABA Boneka LABUBU Bisa Duduk Versi 2 dengan harga Rp61.900. Dapatkan di Shopee sekarang! https://t.co/lYC3sUrZnI https://t.co/IP5MKL2wJE","1875808309854494779","https://pbs.twimg.com/media/Ggg1lGba8AQ_UqX.jpg","","in","","0","0","0","https://x.com/berlianasihota4/status/1875808309854494779","1497574875183329287","berlianasihota4"
"1875807757061980449","Sun Jan 05 07:33:14 +0000 2025","0","Cek (LED &amp; NON LED) Boneka Labubu The Monster ukuran DOUBLE L 50cm dengan harga Rp45.000. Dapatkan di Shopee sekarang! https://t.co/5vD5gBoF3W https://t.co/Ni286UD3t2","1875807757061980449","https://pbs.twimg.com/media/Ggg1JoxaMAEIXVp.jpg","","in","","0","0","0","https://x.com/berlianasihota4/status/1875807757061980449","1497574875183329287","berlianasihota4"
"1875735908223480276","Sun Jan 05 05:30:55 +0000 2025","0","@ATMAITRl „Ö§ Itu boneka apa namanya? Yang semacam labubu kemarin itu atau seperti Barbie? Atau boneka roh yang Thailand itu? Ya kalau nggak punya uang dan butuh mendesak juga pasti akan minta tolong orang tua belikan cuma kebetulan kemarin ada tabungan kok. „Ö§","1875776973538222330","","ATMAITRl","in","ùêáùêÄùêìùêà-ùêáùêÄùêìùêà!   ùñ£ùñ®ùñ† 
ùñØùñ§ùñ±ùñ≠ùñ†ùñß   ùë¥ ùë® ùëª ùë∞!","0","1","0","https://x.com/AJANGSAE/status/1875776973538222330","3262921206","AJANGSAE"
"1875613172037816502","Sat Jan 04 18:40:02 +0000 2025","0","sumpah si kiara beli boneka labubu sampe 2 anjir andaikan gua bisa reinkarnasi jd anak kecil lg mending gua tabung itu duit drpd beli mainan ga penting cuk","1875613172037816502","","","in","London, England","0","0","0","https://x.com/mofilaz/status/1875613172037816502","1235602026848858119","mofilaz"
"1875500622746939540","Sat Jan 04 11:12:48 +0000 2025","0","Gantungan kunci aku bukan Labubu! Sementang boneka juga tp bukan Labubu! Gantungan kunci aku si Hedwig! Kalian ngga tau Hedwig? Kureng banget taunya Labubu aja","1875500622746939540","","","in","Banda Aceh, Indonesia","0","0","0","https://x.com/podsceneBNA/status/1875500622746939540","35190027","podsceneBNA"
"1875375423204552831","Sat Jan 04 08:05:31 +0000 2025","0","@kompascom labubu sama lababi sama saja sama¬≤ boneka laknat","1875453493022171491","","kompascom","in","Indonesia","0","0","0","https://x.com/IchanzC/status/1875453493022171491","2161027200","IchanzC"
"1875370693627670784","Sat Jan 04 06:39:53 +0000 2025","0","@xobille Serem banget baca2in reply nya mana ada cowo pake boneka labubu pula","1875431942134673577","","xobille","in","South","0","0","0","https://x.com/GelasTakar/status/1875431942134673577","1135653569397346305","GelasTakar"
"1875421048268788089","Sat Jan 04 05:56:36 +0000 2025","0","Siapapun yang bikin boneka grandong labubu ini hits semoga kena azab suatu hari. Ponakan gw ngerengek semua minta dibeliin satu2. Buang2 duit aja boneka jenglot jelek mahal ini asu.","1875421048268788089","","","in","Aldebaran","0","2","0","https://x.com/yogasuud/status/1875421048268788089","1183297844494524416","yogasuud"
"1875400300603101575","Sat Jan 04 04:34:09 +0000 2025","0","kaget banget ada ibu aku kira bawa boneka Pil ternyata Labubu ","1875400300603101575","","","in","Semarang, Jawa Tengah","0","0","0","https://x.com/willywonkapil/status/1875400300603101575","510256053","willywonkapil"
"1875226755122008416","Fri Jan 03 17:04:33 +0000 2025","0","Boneka fuggler lebih serem dari labubu ya anjrittttttttt itu yakin mereka ga pake gigi manusia asli!? ","1875226755122008416","","","in","üê±üê±üá∫üá≤üáπüá≠üêà‚Äç‚¨õ‚õ∞üê∂üí®","0","0","0","https://x.com/_10HNNY/status/1875226755122008416","554817023","_10HNNY"
"1875001949407596667","Fri Jan 03 16:29:05 +0000 2025","1","@cboemgiu Suka pake bangeeeeet. Kamarnya full boneka terutama my melody suka labubu jga https://t.co/DTWxIWYl58","1875217831245251052","https://pbs.twimg.com/media/GgYcreSbIAAnKQD.jpg","cboemgiu","in","Loire üç´. Scoutz' ‚öúÔ∏è","0","1","0","https://x.com/hirungkit_/status/1875217831245251052","1450785664748834817","hirungkit_"
"1875138625886937440","Fri Jan 03 15:22:28 +0000 2025","0","Boneka Labubu - Pop Mart 14th Anniversarry Limited Edition Rp14.975.000.- https://t.co/aoCt44uIeE my airdrop Knetz Coretax #WhenThePhoneRingsEp11 #sampahaquabikinbanjir Belanja Serba 25ribu #sstvi #ferditayfur 4","1875201065249112080","","TukangLaundry10","in","Karawang","0","1","0","https://x.com/TukangLaundry10/status/1875201065249112080","1689657398452174849","TukangLaundry10"
"1875138625886937440","Fri Jan 03 15:21:35 +0000 2025","0","Boneka labubu 30 CM murah Rp15.500.- https://t.co/hqOafJpckf #INDvsAUS #EndAbductionsKE Amanda Polisi #g4yeng Gultik Mulyono SIM C Akatsuki I Got my airdrop Knetz Coretax","1875200845413077175","","TukangLaundry10","in","Karawang","0","1","0","https://x.com/TukangLaundry10/status/1875200845413077175","1689657398452174849","TukangLaundry10"
"1875166819096625565","Fri Jan 03 13:06:23 +0000 2025","1","plisss yg suka (pernah beli) boneka ambalabu alias labubu ituuuh replaaayyy ak mo minta isi kuesioner huhuhu bwat penelitian aku seng pls pls","1875166819096625565","","","in","","0","0","0","https://x.com/dailymici/status/1875166819096625565","2383582693","dailymici"
"1875153401472049497","Fri Jan 03 12:16:04 +0000 2025","0","@orenjjiee boneka se kiyowo itu masa Labubu","1875154157046534531","","orenjjiee","in","","0","1","0","https://x.com/najiseong_/status/1875154157046534531","1208054849016721410","najiseong_"
"1875151544880185709","Fri Jan 03 12:05:41 +0000 2025","0","Kalau kamu mau tahu mayoritas masyarakat Indonesia kaya gimana coba tutup X dan makan di warteg. Sebenar-benarnya masyarakat kita itu. --- Konteks: barusan ada yang bilang: Labubu itu boneka iblis.","1875151544880185709","","","in","","0","1","1","https://x.com/jendelaa_/status/1875151544880185709","791114064","jendelaa_"
"1875115327371305312","Fri Jan 03 09:41:46 +0000 2025","1","#Boneka #Labubu POP MART THE MONSTERS Lazy Yoga Series Figures Blind Box Action Toys Figure Birthday Gift Labubu dengan harga Rp179.000. Dapatkan di Shopee sekarang! https://t.co/pTjglHN1ZT https://t.co/At9AHOu3Cl","1875115327371305312","https://pbs.twimg.com/media/GgW_c_BbsAATUIx.jpg","","in","sukabumi. indonesia","0","0","0","https://x.com/cryptoAng3l/status/1875115327371305312","1358315140744028161","cryptoAng3l"
"1875111235940937962","Fri Jan 03 09:25:31 +0000 2025","0","[50.0% off] Halo teman-teman! Lihat nih BONEKA LABUBU BERANAK dengan lampu LED yang super lucu! https://t.co/DuBvZdclxY","1875111235940937962","","","in","","0","0","0","https://x.com/SRaywhite/status/1875111235940937962","3067883978","SRaywhite"
"1875058008528687397","Fri Jan 03 05:54:00 +0000 2025","0","Bukan hanya Disney kalian beli boneka labubu aja ikutan nyumbang Israel . Itu yang owner-nya Khan donatur gede disitu","1875058008528687397","","","in","Surakarta, Jawa Tengah","0","1","0","https://x.com/my_ibuk/status/1875058008528687397","1623328263929237505","my_ibuk"
"1874728469772619800","Fri Jan 03 04:10:54 +0000 2025","0","@ClubofRebs berasa kek megang boneka labubu","1875032063105261949","","ClubofRebs","in","ùñù. 2OO1 ","0","1","0","https://x.com/yunjlin/status/1875032063105261949","989526264179376130","yunjlin"
"1874833703278678354","Thu Jan 02 15:02:42 +0000 2025","0","Temukan Labubu Baby Mini 10cm Have a Seat Blindbox Boneka The Monster Labubu Gantungan Kunci seharga Rp24.800 - Rp31.800. Dapatkan sekarang juga di Shopee! https://t.co/T97WnhAfuB","1874833703278678354","","","in","Bandung","0","0","0","https://x.com/Kresna061/status/1874833703278678354","1371115072836169731","Kresna061"
"1874787445046391239","Thu Jan 02 11:58:53 +0000 2025","0","WTS LABUBU V2 SECRET - Duoduo Boneka masih sealed Open card aja box buka bawah ORIGINAL 1000% hasil war Shopee 2 Jan 2025 kemarin DM yaa!! #warlabubu #labubusecret #labubushopee #popmartshopee https://t.co/OcTFZCdDjC","1874787445046391239","https://pbs.twimg.com/media/GgSVPeUbEAExKFX.jpg","","in","","0","1","0","https://x.com/funwithkimberly/status/1874787445046391239","1025325106325680129","funwithkimberly"
"1874776719170965824","Thu Jan 02 11:16:16 +0000 2025","8","Akhirnya boneka labubu yg udah bulukan kita sebut saja si @Manuk_Emprit76 diringkus karena kelakuannya yg meresahkan. Empret... Empret disentil juga mokat lu https://t.co/hREZ74RYsa","1874776719170965824","https://pbs.twimg.com/ext_tw_video_thumb/1874776692805566464/pu/img/piYdwYfzZ3wXOset.jpg","","in","Kandahar","0","1","0","https://x.com/Rizieq_Sangean/status/1874776719170965824","172158648","Rizieq_Sangean"
"1874775171246211499","Thu Jan 02 11:10:07 +0000 2025","0","Para kolektor merapat! Promo Boneka Labubu di official Pop Mart Store Shopee harganya cuma 200 ribuan aja! Siap-siap war nanti jam 00.00 jangan sampai ketinggalan ya. Koleksi langka gini cepet habis! https://t.co/PvKLeFU0QT https://t.co/qrZfC51eV4","1874775171246211499","https://pbs.twimg.com/media/GgSKFH1bcAAXRd9.jpg","","in","","0","0","0","https://x.com/midnightfortuna/status/1874775171246211499","1835181419230117891","midnightfortuna"
"1874466356344840369","Thu Jan 02 10:12:16 +0000 2025","0","@Rizieq_Sangean @Manuk_Emprit76 Klo gw yg d sulut udah gw injek itu boneka labubu","1874760613026812385","","Rizieq_Sangean","in","ngarep lawang","0","0","0","https://x.com/radikabhaskara/status/1874760613026812385","80216393","radikabhaskara"
"1874722559075463568","Thu Jan 02 07:41:03 +0000 2025","1","haloo semuaa yang punya boneka labubu boleh bangeet untuk isi kuesioner akuu https://t.co/aT3SI07Gs4 kriterianya: membeli labubu di pop mart pernah melihat postingan labubu di akun lisa blackpink terima kasih semuaa! ","1874722559075463568","","","in","","0","1","0","https://x.com/cutjiemin/status/1874722559075463568","1421457509382987779","cutjiemin"
"1874720696552878129","Thu Jan 02 07:33:39 +0000 2025","0","Aku nemu promo menarik di Lazada nih. Yuk coba lihat! Nama Produk: (Bisa Menyala..!) BONEKA LABUBU THE MONSTER ukuran Double L 50cm dengan lampu LED Harga Produk: Rp65.000 Harga Diskon: Rp39.000 | https://t.co/Zx2NsaBalZ","1874720696552878129","","","in","","0","0","0","https://x.com/Utuh82498028/status/1874720696552878129","1274054321001250817","Utuh82498028"
"1874675528193778110","Thu Jan 02 04:34:10 +0000 2025","0","Kmrn bokap gue ngeliat Kongjjen di tas gue kan.. trs dia blng Itu apa labubu? Kamu suka labubu? HELL NAHH!! KONJJEN SEIMUT ITU BERKELAHI SM BONEKA MENYERAMKAN NAN JELEK ITU Mending gue beli dehet sekalian nyengirnya sama tp lbh gemesan dehet ‚Äç‚Äç","1874675528193778110","","","in","Ïù¥Ï†úÎÖ∏ ÎßàÏùåÏÜçÏóê ","0","0","0","https://x.com/Lvndrbear_/status/1874675528193778110","1290581997417422850","Lvndrbear_"
"1874637160172937560","Thu Jan 02 02:01:42 +0000 2025","1","Aku nemu promo menarik di Lazada nih. Yuk coba lihat! Nama Produk: Boneka Labubu V2 - Have A Seat Labubu / V2 Labubu Bisa Duduk / Blind Box Labubu Versi 2 - SC Harga Produk: Rp200.000 Harga Diskon: Rp63.756 | https://t.co/Lph9hMc5M3","1874637160172937560","","","in","","0","0","0","https://x.com/muhamad77181004/status/1874637160172937560","1625022982203793409","muhamad77181004"
